{
    "DataType": "MoneyData",
    "DataVersion": 0,
    "GameVersion": "0.3.3f15",
    "OnlineBalance": 7685.388671875,
    "Networth": 58875.1640625,
    "LifetimeEarnings": 92386.1015625,
    "WeeklyDepositSum": 10000.0
}